dato1,c1,dato2,dato3
75,G,59,92
94,F,0,38
12,X,27,55
22,N,93,50
12,E,98,6
57,R,72,22
31,J,28,56
63,R,71,6
22,U,17,50
16,B,89,84
88,N,50,32
63,A,83,96
8,N,57,97
48,F,46,48
75,F,62,60
37,Q,40,2
21,Y,95,13
11,Z,26,75
12,E,5,56
33,W,39,10
79,A,92,46
97,Q,69,75
41,T,73,41
6,P,34,68
66,A,54,87
20,T,29,47
64,G,63,88
71,L,54,42
50,C,47,72
52,D,39,78
88,M,75,97
6,E,76,85
64,E,64,3
49,H,5,73
20,N,75,7
78,F,59,89
95,H,82,55
78,U,100,17
3,K,8,79
82,Y,36,47
26,I,31,26
0,L,78,47
53,V,69,16
76,M,78,87
21,E,38,24
10,Y,91,94
22,E,50,80
13,U,21,2
81,F,66,97
52,Z,17,75
29,Y,37,31
96,Q,38,88
60,K,22,43
31,M,28,46
4,W,99,3
72,J,96,98
57,E,33,4
95,G,71,62
81,D,89,60
98,Y,82,40
51,U,70,60
41,Y,20,77
91,B,7,57
28,D,43,1
72,T,49,71
89,A,28,43
73,K,99,80
16,C,98,92
88,Q,95,59
78,D,5,54
65,D,16,69
71,Y,26,37
45,S,83,72
59,V,99,72
96,G,66,71
83,G,50,11
80,R,18,95
22,D,55,2
46,E,7,45
30,B,95,66
59,T,94,38
60,S,76,48
1,V,36,43
12,S,71,64
53,Q,77,46
11,S,82,69
84,M,45,34
18,Z,34,37
48,H,93,42
67,C,38,87
14,H,37,74
65,W,80,54
11,E,1,93
91,O,22,51
61,R,59,31
70,D,46,100
30,B,49,42
16,H,36,21
10,G,38,16
14,X,62,31
62,R,35,20
62,U,2,74
10,K,82,57
29,N,91,75
98,Q,63,55
52,B,89,60
60,A,14,13
41,Z,83,84
42,L,75,99
70,U,56,17
59,M,71,73
65,O,98,77
12,B,14,70
52,Z,3,96
65,X,66,26
68,M,49,51
89,D,63,54
17,K,76,5
23,V,79,67
43,V,38,48
42,H,26,70
10,Y,99,62
42,E,1,64
10,R,92,25
84,Q,15,47
25,Z,23,35
100,B,19,62
72,H,87,20
24,T,13,17
35,R,89,49
77,G,64,33
82,A,52,65
82,K,98,27
24,Z,36,40
4,D,76,40
89,N,44,28
67,E,42,4
70,R,49,34
73,B,41,10
70,Q,43,11
73,O,73,31
21,A,94,99
32,B,87,81
59,G,91,32
9,P,86,95
12,I,99,31
100,I,96,23
8,W,28,39
70,C,86,98
73,A,54,98
43,A,90,81
66,A,27,94
0,F,13,61
77,Y,57,99
87,A,14,60
50,U,65,69
87,Q,22,25
99,A,38,43
41,V,3,0
89,Q,20,44
1,R,14,55
13,C,0,23
6,Z,50,85
61,P,93,3
35,C,58,97
80,T,80,86
26,N,6,39
30,N,45,46
27,V,69,61
74,P,64,62
56,L,64,68
56,H,81,8
21,I,30,63
67,M,67,26
66,Q,8,76
100,U,54,3
20,W,26,59
52,C,34,72
0,G,41,32
3,P,7,52
58,Y,54,93
77,J,50,32
58,P,27,50
49,B,77,64
31,C,13,51
14,C,94,95
93,V,68,31
23,Q,36,26
76,T,24,37
14,Q,37,11
38,M,77,42
5,Y,74,6
61,Z,40,86
97,Z,81,49
52,F,40,31
46,U,31,86
63,L,55,72
46,H,19,56
92,J,29,69
53,Z,74,80
26,Z,12,19
96,R,49,41
67,N,48,23
34,U,16,68
88,X,11,72
88,O,73,73
10,P,14,13
91,C,20,25
3,O,52,28
83,O,95,14
56,Q,98,45
58,V,51,4
33,Y,50,27
23,U,73,40
29,Q,67,7
17,Q,89,49
90,E,85,100
60,O,81,57
93,C,86,48
91,E,43,100
79,V,70,75
3,H,78,53
59,B,65,38
12,K,28,33
71,Z,53,3
69,G,6,86
53,M,35,97
14,S,75,20
86,T,24,25
85,V,78,96
67,P,13,47
42,X,54,58
98,A,82,73
48,F,69,95
72,R,72,52
19,H,41,5
70,P,68,66
72,O,11,88
35,B,35,18
19,U,100,99
91,X,8,29
52,L,79,19
43,S,47,90
75,P,14,82
4,A,54,67
99,U,61,29
99,K,24,36
99,P,79,61
53,W,91,84
52,T,35,41
50,U,60,83
18,Q,39,46
98,W,39,80
13,Y,92,46
55,M,38,50
83,Z,12,7
62,G,3,79
93,D,55,42
84,F,41,86
47,D,55,43
13,O,17,7
3,T,30,34
59,R,97,63
30,S,55,65
43,W,19,87
16,U,49,14
6,Y,16,58
22,P,77,44
38,R,19,74
31,Y,37,88
19,G,56,92
12,G,82,20
91,U,21,76
0,B,19,70
40,B,71,44
64,E,63,43
44,M,88,74
69,B,49,80
70,Q,17,73
43,V,70,19
47,P,40,51
74,R,32,34
61,E,29,13
65,E,94,65
82,Y,16,25
78,R,44,26
6,X,73,31
76,A,1,20
89,V,8,96
64,F,54,91
46,E,58,52
65,Y,7,78
37,Z,37,25
22,P,19,91
41,Z,9,50
80,E,0,93
4,C,4,70
72,W,97,95
66,P,4,69
29,X,83,6
9,Q,38,13
69,M,98,78
21,R,18,8
65,K,44,92
4,P,50,26
68,D,79,28
92,Z,39,96
31,V,96,74
88,W,2,97
9,O,91,5
37,T,19,69
8,Y,48,75
3,G,63,50
32,W,23,30
94,U,75,2
35,S,13,11
70,M,33,58
21,T,18,44
18,A,99,37
87,H,21,22
66,X,72,41
88,S,45,69
87,Y,48,77
88,B,12,76
99,Z,76,54
35,Q,71,73
89,S,87,10
98,M,97,77
41,I,44,39
49,X,38,33
7,H,62,95
94,O,76,33
6,O,98,67
15,E,68,96
49,E,38,76
76,B,32,64
34,Q,79,40
66,L,55,66
36,C,13,93
73,T,100,61
30,U,79,5
65,Z,76,14
35,D,28,83
85,C,96,92
26,Y,47,25
29,L,37,9
10,I,75,10
19,E,86,56
57,V,19,34
1,K,21,25
93,T,20,14
86,M,85,48
48,S,23,9
29,O,34,6
19,B,29,95
25,F,20,81
49,A,4,33
72,B,90,85
86,G,64,94
65,C,65,82
42,C,7,82
67,A,44,30
84,G,38,27
19,B,27,27
13,W,59,82
21,B,44,77
100,J,44,20
34,A,56,54
71,I,56,54
63,J,44,19
1,O,21,92
43,E,88,95
39,S,16,70
32,A,3,38
94,J,17,83
87,W,49,30
79,F,14,56
41,J,81,29
3,F,44,74
100,R,31,74
9,F,11,53
90,Q,20,65
25,I,22,74
72,D,94,28
50,B,3,87
38,V,82,5
53,S,38,16
67,F,37,36
99,E,80,49
84,V,14,10
88,U,27,88
51,D,33,43
23,P,46,64
29,P,72,3
31,F,90,36
79,L,92,14
37,Y,86,91
81,U,99,45
6,D,57,14
77,R,39,53
83,Z,21,40
91,U,79,60
41,M,96,39
62,D,80,49
44,N,12,47
16,Y,4,36
43,H,79,39
88,D,34,32
28,V,52,75
79,K,80,38
97,C,92,61
21,D,66,43
77,V,84,69
26,X,17,48
8,O,74,75
58,P,82,6
4,U,8,91
17,U,34,9
85,L,99,26
34,W,62,89
12,G,80,73
12,A,41,41
33,D,94,50
8,U,38,77
31,V,57,28
15,Y,29,42
58,C,33,38
47,H,65,74
62,H,36,86
60,F,93,53
53,R,29,70
88,K,39,97
89,M,4,64
86,P,79,78
18,V,23,92
63,B,94,61
5,J,57,41
95,S,80,73
20,Y,95,95
79,K,23,37
14,J,29,70
46,X,37,65
16,T,14,34
84,D,82,88
68,Z,24,78
12,M,54,63
41,E,32,75
84,F,99,9
93,Q,34,81
83,Z,46,1
72,M,2,82
13,L,16,47
94,C,41,34
52,P,27,32
98,K,39,46
22,X,0,63
2,C,25,95
36,C,27,78
88,D,4,70
73,U,82,12
23,S,100,36
65,T,14,71
70,A,1,19
33,K,44,3
44,B,9,40
59,M,89,50
35,T,20,81
92,W,76,86
98,W,73,65
41,I,44,3
45,S,5,19
77,U,0,7
31,B,26,18
82,Y,59,41
46,B,78,43
75,L,75,15
24,Z,47,7
82,L,85,0
71,Z,44,53
49,M,7,23
86,T,94,69
54,P,35,58
74,R,88,30
30,E,92,69
92,H,54,65
57,K,27,63
71,U,50,89
32,V,78,98
67,W,19,91
8,B,75,60
45,A,87,43
66,X,3,97
39,W,98,64
86,Q,31,3
58,N,32,7
65,N,57,6
14,W,100,46
4,B,95,37
69,N,35,69
12,G,5,13
81,D,10,87
95,P,44,67
4,R,36,27
31,U,75,21
34,K,98,65
69,N,38,34
3,V,3,21
78,H,43,56
96,M,55,1
41,A,88,98
33,J,90,7
79,C,36,99
80,D,68,59
48,W,91,22
9,I,62,46
6,O,73,61
56,D,68,12
19,P,94,43
68,V,70,87
24,R,73,84
45,R,71,38
43,R,60,20
49,G,3,7
77,V,80,1
99,L,32,83
81,O,98,76
65,Y,88,76
33,P,38,15
55,V,36,59
82,W,59,98
80,H,88,50
65,M,62,7
80,W,70,87
98,B,25,38
95,S,94,5
1,Z,56,74
10,Q,39,35
69,E,60,78
12,D,5,3
16,B,36,53
49,A,58,55
29,S,61,18
31,B,42,3
66,B,88,39
97,D,91,36
3,I,1,83
90,B,60,5
1,M,80,78
64,E,51,72
29,V,17,82
25,I,93,70
89,H,13,36
37,D,61,13
18,L,44,15
98,K,80,62
7,C,45,99
84,S,39,19
46,Y,27,46
70,T,85,38
75,T,20,14
69,G,35,51
66,V,7,68
63,M,36,20
19,T,100,86
72,T,9,22
86,X,47,25
75,Q,88,4
54,B,31,15
74,Y,64,22
80,P,96,36
75,M,70,29
74,Z,4,75
34,I,35,80
61,X,27,95
19,F,63,21
27,L,86,92
0,U,3,77
85,E,79,60
10,L,19,17
33,P,94,22
55,E,26,85
7,E,5,51
19,L,13,16
76,H,87,73
9,V,52,13
63,Q,13,47
10,Y,17,48
21,F,27,96
17,O,22,92
95,T,3,100
48,Q,13,91
26,G,35,78
33,L,64,97
84,Y,62,62
15,R,80,84
82,A,69,80
23,X,12,17
27,B,48,74
95,W,41,22
73,Z,88,17
44,S,54,53
95,S,98,96
12,U,23,78
73,J,45,100
90,Q,19,57
0,C,50,20
63,A,67,89
63,Q,85,22
22,K,84,49
92,U,89,64
93,H,82,25
41,S,15,24
91,N,99,87
26,S,76,5
14,K,46,7
0,I,87,80
24,W,48,19
23,A,6,76
58,V,25,62
80,B,42,22
50,F,2,38
1,V,54,74
54,L,7,84
82,U,12,26
3,C,94,32
13,A,68,28
2,V,66,21
95,T,36,71
31,R,8,47
68,Y,85,92
38,T,69,36
31,W,72,17
8,Y,16,14
15,U,3,60
96,S,2,98
6,W,45,36
48,C,31,49
40,U,31,45
30,I,96,56
9,B,3,20
31,O,90,22
6,T,4,90
5,P,43,72
59,L,100,50
73,Y,52,15
83,F,58,85
78,C,18,97
91,S,6,39
39,Y,35,69
69,Z,30,26
41,P,41,0
30,W,51,98
31,K,69,84
13,W,81,79
57,E,94,69
80,W,8,44
37,N,24,59
50,I,38,22
21,T,19,99
15,A,84,48
90,R,41,18
68,O,38,88
98,B,77,83
2,H,28,6
26,N,80,1
97,S,26,97
25,A,88,93
64,J,61,21
10,I,39,28
100,X,62,80
0,H,53,43
98,B,67,56
54,O,24,99
22,Y,5,56
0,Q,100,29
8,U,17,67
80,V,41,50
72,U,14,45
33,V,85,52
35,G,97,15
73,E,93,36
90,G,85,53
22,F,3,83
36,W,95,98
13,M,72,21
3,I,7,6
100,A,53,20
37,B,23,97
95,H,70,69
63,O,8,54
45,P,32,56
12,X,58,93
4,W,99,27
55,F,46,40
54,F,97,86
54,S,81,28
43,D,13,98
93,X,73,21
29,G,74,83
38,M,29,56
3,J,47,96
87,N,41,19
83,M,98,66
58,B,80,73
91,A,49,87
12,R,89,100
48,R,36,79
9,Q,76,39
9,Q,69,42
68,L,26,19
44,W,58,14
12,Q,81,98
40,O,57,85
20,M,84,44
62,R,17,52
15,T,23,36
43,D,55,90
60,S,89,5
36,A,19,94
31,P,50,99
20,I,41,38
29,A,69,65
47,B,5,28
17,F,14,78
39,E,14,43
74,N,75,68
15,Z,58,93
22,Q,43,1
66,F,86,79
17,T,83,26
22,B,94,9
63,I,10,71
44,I,65,83
29,F,96,35
55,B,21,68
40,W,51,98
69,O,30,94
26,T,3,54
19,O,55,12
9,B,67,20
40,B,83,27
16,C,15,80
3,X,25,15
25,X,86,21
5,N,71,10
41,T,69,100
87,M,21,96
93,T,95,74
64,J,2,89
57,W,44,34
19,W,59,57
84,H,74,32
32,H,46,77
92,K,65,18
44,C,100,62
72,S,16,33
97,G,47,52
90,E,34,30
17,K,7,59
78,A,11,77
37,T,18,63
74,F,14,15
54,M,98,86
89,O,16,43
90,U,18,46
42,M,72,62
13,T,93,30
31,K,88,37
87,B,93,66
100,S,98,46
16,J,48,46
94,F,55,3
39,S,22,78
65,D,47,74
15,Z,41,97
17,H,97,0
12,T,38,92
80,E,99,1
1,T,67,8
88,R,40,38
96,S,19,12
16,B,87,20
32,R,10,14
32,Y,49,57
97,H,70,39
99,V,24,18
41,S,61,31
3,Q,97,5
44,B,27,98
26,A,39,80
18,Y,30,92
34,X,20,62
71,P,40,78
80,D,41,94
37,P,91,54
1,R,54,98
73,O,11,31
56,I,49,77
30,W,63,23
41,V,60,94
66,O,59,29
80,M,56,17
52,T,34,30
10,V,37,91
86,I,98,7
29,B,97,6
3,N,26,51
91,H,80,5
49,O,83,96
16,D,8,89
97,X,23,50
83,V,64,60
35,H,57,73
6,J,1,97
66,L,29,41
50,H,25,14
40,B,63,18
79,H,50,74
61,H,34,16
13,K,23,77
1,N,81,92
32,A,0,95
20,W,25,19
57,O,15,14
14,C,48,2
37,T,48,93
41,F,74,76
7,L,60,27
76,S,35,87
74,R,98,97
69,R,3,2
79,Q,16,85
100,E,21,41
33,P,24,76
26,A,20,66
91,U,29,56
72,A,33,38
69,P,2,21
45,B,100,47
14,S,26,40
35,F,92,91
90,A,24,27
57,K,42,84
81,P,29,43
81,V,30,45
66,P,72,14
52,Q,56,35
31,W,73,4
71,M,62,29
42,Y,93,14
87,E,90,31
54,K,9,38
94,O,94,32
49,V,17,37
61,Y,59,11
96,L,83,79
63,D,35,26
48,I,10,50
61,O,65,63
71,Q,37,28
82,Q,0,45
76,L,88,75
11,K,16,83
57,L,58,23
46,J,2,47
80,F,5,23
6,Y,61,65
15,I,87,97
46,R,59,56
11,E,88,67
100,M,67,43
65,V,44,98
90,Y,31,94
82,Z,87,37
11,D,97,63
51,D,4,52
63,I,81,16
95,F,85,91
40,A,22,89
68,G,77,63
77,X,87,60
19,C,86,89
76,K,55,55
17,Y,91,86
44,F,0,83
62,T,99,28
33,Q,64,57
35,Z,15,73
55,W,48,29
97,E,61,54
5,X,57,15
40,R,82,5
22,F,30,91
57,F,94,21
82,S,52,87
56,Z,21,54
50,U,53,8
10,X,94,89
91,I,52,30
16,N,32,4
30,H,66,93
21,R,4,21
32,C,65,46
28,N,69,12
36,A,67,56
96,R,96,45
29,W,30,62
4,E,56,37
77,D,17,87
94,K,25,15
81,U,59,91
33,N,88,75
35,P,91,68
90,P,42,26
39,Q,75,55
46,P,33,11
12,J,97,55
77,Y,75,88
33,A,50,48
77,J,19,44
45,K,100,28
100,I,5,21
76,V,83,97
90,F,84,61
43,Y,64,3
0,W,25,68
18,U,80,23
21,A,65,83
37,W,18,83
10,F,82,19
75,D,45,51
49,Z,17,66
64,C,63,89
12,U,25,88
64,S,50,12
87,M,44,66
38,D,67,98
89,W,88,33
98,U,97,1
19,W,14,93
73,D,35,2
20,A,66,66
47,M,78,5
73,Y,1,68
19,H,85,25
45,J,2,82
22,P,46,70
71,E,7,84
76,G,45,11
54,L,21,61
69,L,30,67
23,G,12,40
43,G,8,61
90,K,4,89
44,D,56,5
2,P,81,26
14,R,57,100
94,Z,71,54
12,U,31,9
27,X,28,51
62,Y,41,80
59,N,42,61
46,N,23,59
70,W,10,44
70,U,9,0
19,K,77,53
30,Z,86,72
7,S,66,81
51,D,19,79
24,S,10,23
43,X,7,40
15,Z,18,25
30,E,26,56
6,E,94,11
48,X,84,21
7,R,8,98
8,G,92,54
82,B,58,53
90,U,83,84
2,Y,50,51
59,K,51,78
68,S,89,100
96,V,6,32
39,R,6,94
72,S,40,0
7,F,89,11
40,T,86,96
73,G,46,29
98,L,19,18
21,D,39,75
44,C,73,44
48,E,55,22
26,J,28,46
89,Y,72,50
67,S,78,25
37,X,78,20
22,H,27,23
38,C,55,11
48,V,66,10
90,Y,91,49
32,I,87,19
58,T,50,12
84,A,80,30
99,Y,32,99
51,Q,6,35
40,W,49,14
60,N,63,25
11,P,2,99
96,H,42,76
77,A,43,18
76,T,4,13
78,B,71,25
7,F,20,84
84,M,33,82
28,D,58,4
96,I,21,16
84,X,56,6
65,P,25,13
57,T,84,11
13,D,47,75
98,M,84,77
12,K,41,86
97,K,16,52
61,C,25,24
15,R,79,19
4,M,41,22
66,Z,89,96
76,M,19,41
30,G,19,91
83,Y,63,17
33,Z,88,87
78,X,84,14
89,T,8,47
2,P,74,21
77,J,31,19
51,Q,64,6
80,E,17,12
51,M,0,71
81,L,51,28
57,D,28,60
46,I,82,88
46,D,42,71
13,J,13,16
0,N,81,99
91,F,59,28
48,Z,34,94
60,D,66,71
38,U,24,56
17,V,94,77
83,P,62,29
6,Q,58,36
70,J,28,2
40,S,38,24
34,X,67,13
28,C,89,86
74,K,45,61
96,J,14,40
52,K,29,81
15,Q,51,100
9,E,56,51
4,M,23,35
55,K,42,46
36,X,54,70
68,G,43,91
47,N,53,10
43,G,25,64
97,M,70,18
56,T,53,60
19,N,43,55
93,U,40,17
10,M,16,32
6,H,77,60
68,I,26,82
66,X,67,5
62,J,62,53
27,U,61,44
53,X,39,14
57,B,97,31
33,S,52,27
6,A,4,51
95,K,13,91
1,N,79,5
36,J,36,98
21,F,84,66
50,F,98,49
40,Z,9,55
75,W,22,100
94,D,40,97
66,K,82,25
60,W,40,68
66,R,84,77
3,U,59,66
83,F,84,39
83,Y,77,23
1,M,27,87
24,H,17,91
1,C,83,0
31,B,36,40
44,B,25,35
32,O,53,50
3,C,9,3
26,A,33,52
70,Z,100,19
86,M,81,59
7,N,15,18
27,V,84,52
61,P,58,82
2,I,54,66
84,B,72,86
80,G,82,56
80,K,79,61
58,Y,1,43
28,S,54,13
96,Y,19,25
13,C,79,99
88,V,10,26
52,H,74,49
79,B,37,92
77,W,51,31
65,N,94,88
100,H,75,45
24,N,78,73
58,W,65,1
24,N,87,33
70,H,48,61
60,V,1,2
4,F,74,48
18,M,96,15
68,A,19,94
17,J,29,39
9,D,42,68
46,Z,44,25
75,R,80,55
71,O,90,30
43,H,57,98
44,E,42,30
76,E,80,13
19,P,64,49
100,W,95,62
42,C,85,78
34,G,80,92
29,Z,45,88
56,M,35,14
34,S,38,14
58,U,3,75
83,G,84,19
73,P,88,68
52,D,81,48
10,Z,50,88
22,O,90,0
62,H,51,64
15,L,65,78
91,U,23,18
10,V,59,36
65,J,11,0
41,D,79,81
51,S,90,51
42,W,48,60
36,I,88,88
54,A,36,29
2,X,98,5
91,Q,39,67
87,O,47,50
66,R,33,100
20,S,27,4
55,R,34,26
12,H,51,28
91,M,60,40
20,T,11,90
27,Q,68,58
42,G,50,47
47,Y,74,67
82,U,89,73
61,Z,54,41
74,F,81,25
7,M,98,33
2,Q,27,45
69,Z,30,94
34,F,21,17
64,I,52,43
75,S,92,24
87,V,59,74
43,I,24,36
82,W,25,41
60,Q,43,95
93,X,77,61
32,Z,79,55
53,S,44,16
48,C,80,34
94,Y,42,38
85,W,66,45
58,N,49,9
11,F,34,22
65,M,94,7
52,O,18,29
56,Z,47,80
79,F,57,62
32,F,65,24
33,X,90,8
97,Z,58,61
33,P,86,21
4,H,70,22
64,Q,94,98
69,D,3,22
14,C,67,83
85,D,15,52
48,W,42,0
64,L,84,51
31,G,49,50
89,U,64,36
21,T,94,49
55,O,96,82
89,G,51,90
29,A,40,71
88,Z,99,15
95,O,71,53
36,Y,92,43
19,K,21,63
8,C,0,32
64,G,46,6
96,E,84,68
60,W,96,54
53,S,22,85
25,Z,85,21
78,E,52,9
72,L,3,52
24,S,87,75
65,L,2,3
12,I,63,30
69,S,38,28
48,D,8,52
75,L,47,37
86,M,42,66
45,A,34,43
45,F,66,53
29,E,3,96
85,U,44,76
79,J,49,67
80,P,92,87
90,H,39,100
59,T,13,96
38,G,43,48
3,K,54,66
61,N,20,94
85,A,18,40
59,P,95,51
24,R,71,46
6,Y,43,20
11,Z,28,5
51,H,90,39
44,O,94,56
23,U,57,98
43,G,54,44
25,D,84,27
59,T,12,54
45,I,30,26
3,M,59,64
61,G,98,65
45,W,39,15
79,M,49,34
50,E,93,92
41,F,73,89
44,N,83,6
18,B,48,27
35,M,76,7
50,V,4,23
24,V,75,26
22,B,92,100
17,N,73,37
74,Q,4,10
70,G,83,58
25,S,88,51
34,Y,54,68
15,K,52,38
75,D,19,4
63,V,36,93
76,W,69,1
34,G,61,89
48,Q,78,74
26,E,83,25
31,Z,40,37
17,C,17,93
79,S,28,40
87,A,92,43
54,R,35,84
80,J,15,95
85,U,22,49
5,Z,43,95
71,M,52,78
73,O,73,84
40,N,6,9
5,G,16,87
91,S,70,28
28,O,36,25
12,P,99,59
96,G,80,40
43,W,93,13
46,K,73,57
98,O,13,1
17,I,53,57
35,X,44,32
36,X,11,71
53,E,28,39
27,V,1,23
6,S,7,20
46,I,34,59
94,O,93,26
77,K,100,84
69,Z,93,54
59,K,0,64
66,T,66,58
93,P,55,96
0,Y,50,38
13,H,59,53
95,N,24,30
49,C,66,55
54,R,34,9
75,D,85,70
26,T,74,31
80,F,79,72
97,M,4,77
61,H,75,63
59,X,42,95
95,I,9,4
61,C,26,73
0,S,1,23
16,L,83,72
47,U,94,61
93,H,84,78
11,T,5,85
31,C,47,97
0,G,47,41
84,B,52,68
80,R,35,30
82,V,62,36
72,I,68,25
90,Q,37,61
94,S,74,72
85,P,9,36
16,O,79,67
85,K,72,80
93,E,100,24
78,W,90,100
96,K,96,58
17,N,46,43
68,E,58,62
24,K,42,25
1,Z,25,13
42,H,67,86
68,H,14,71
72,M,36,1
21,G,100,34
54,U,85,11
32,Z,44,56
38,V,41,85
89,S,13,7
77,F,3,29
5,O,86,37
26,Q,11,30
95,G,60,1
19,O,99,39
62,R,30,21
85,N,4,4
22,A,74,59
0,U,45,12
3,U,44,88
1,J,55,42
51,H,42,82
41,Y,43,94
65,L,75,3
75,N,78,45
87,H,14,76
27,N,99,61
19,W,80,55
33,J,97,17
2,K,8,61
7,H,36,66
40,C,85,51
63,E,11,49
61,L,50,5
45,J,39,30
88,K,91,53
26,U,9,69
36,S,72,65
5,L,7,85
41,X,29,6
5,Y,55,26
30,U,76,20
70,H,100,93
55,Z,58,71
28,F,82,90
76,D,60,47
59,P,83,34
98,X,41,72
96,K,94,82
54,V,49,96
59,J,59,32
31,S,50,13
68,I,56,55
6,R,20,83
3,E,88,45
82,R,93,85
73,Q,20,75
63,L,63,3
38,M,8,100
39,U,48,17
43,B,98,64
1,L,5,7
71,V,51,62
76,O,18,33
19,G,73,55
34,Q,45,1
24,J,38,86
51,N,34,73
11,F,23,19
16,R,93,10
67,J,40,95
97,C,88,37
43,H,15,19
77,D,28,88
66,I,65,47
38,S,85,5
80,B,88,58
33,I,54,92
23,D,46,37
30,V,79,62
61,Z,41,94
74,Z,35,5
85,O,93,28
94,M,40,75
94,L,85,57
21,S,94,45
8,P,41,19
31,S,51,47
69,S,81,29
26,W,28,1
28,E,52,31
68,C,53,35
28,F,88,17
21,V,43,7
29,B,86,35
98,G,88,3
83,U,75,58
44,P,82,54
36,L,19,9
0,D,19,12
7,C,89,56
53,R,0,45
33,N,1,97
33,C,92,48
65,S,18,20
2,H,45,59
2,G,54,92
3,Z,0,7
35,F,17,67
12,R,27,41
21,R,25,26
3,B,44,62
53,Z,37,63
60,Z,54,40
47,R,100,35
87,A,44,53
77,X,13,32
66,I,29,75
91,D,55,8
32,A,58,49
59,Z,35,60
38,U,98,46
56,I,20,55
5,T,16,69
77,R,29,86
78,A,54,94
85,N,16,32
22,J,82,12
1,E,97,86
11,L,70,17
2,N,44,36
8,E,51,6
41,C,11,58
28,Z,0,99
21,L,66,0
96,N,41,68
25,Y,87,99
68,D,28,78
72,O,78,99
75,V,77,53
47,D,55,62
20,Q,20,81
24,E,68,8
56,K,34,49
38,R,54,55
25,W,26,18
90,L,58,55
12,M,18,91
28,H,25,6
68,T,66,64
40,S,66,8
94,C,95,35
0,F,9,48
36,D,35,98
5,T,40,32
2,H,67,11
77,Y,90,72
89,F,42,36
92,T,39,50
17,J,75,99
77,K,81,30
51,T,34,75
63,I,46,24
27,O,91,54
27,M,72,89
4,L,8,29
29,E,14,42
34,O,16,48
94,S,42,16
99,S,60,43
97,P,33,73
63,Z,31,52
84,Z,24,87
31,G,48,57
33,U,80,56
76,D,44,38
48,U,0,31
8,J,92,7
56,P,52,89
96,X,95,74
20,H,48,97
27,A,45,90
20,E,96,11
2,Q,77,6
6,E,53,56
20,X,52,5
24,D,87,99
95,J,56,70
33,D,8,68
25,O,95,49
34,J,83,67
31,X,17,4
14,C,70,29
4,H,37,94
70,Q,51,79
26,J,1,32
51,V,94,7
58,X,45,23
51,A,60,4
87,L,24,84
80,I,85,9
58,P,52,47
50,P,36,69
15,R,49,0
72,X,24,7
11,W,85,36
21,B,47,15
25,O,24,48
6,Q,78,98
20,O,27,19
45,Y,28,6
3,D,62,88
7,C,54,33
51,I,94,12
83,F,77,85
72,B,99,70
32,V,52,84
49,U,1,15
38,F,37,89
5,P,11,10
3,Y,52,14
53,A,62,33
73,O,8,2
17,M,18,25
18,J,49,50
65,Z,39,90
47,T,69,41
55,R,5,14
35,R,29,25
68,C,9,37
77,T,63,89
26,T,79,2
94,W,87,67
36,H,29,91
68,N,69,42
42,I,100,82
24,K,42,98
7,C,85,13
100,K,88,40
61,K,68,56
55,J,40,99
6,O,84,83
76,S,92,62
32,W,46,81
14,A,97,78
83,Z,62,69
72,Z,98,76
30,V,10,72
86,X,62,56
67,I,26,67
72,X,30,5
38,X,59,50
97,A,81,97
92,S,8,26
26,W,70,53
96,I,94,89
97,L,27,45
73,V,63,41
78,R,14,92
42,R,82,95
36,E,86,62
95,A,68,93
8,F,10,74
87,M,33,22
35,O,14,2
46,E,96,95
85,H,68,28
80,M,93,0
75,M,84,33
57,K,95,13
41,R,68,1
9,D,89,16
6,W,42,32
95,F,8,58
48,P,0,72
96,N,29,69
25,A,25,2
31,I,95,49
31,K,37,53
46,W,86,17
71,D,29,60
49,D,59,10
64,C,98,87
64,Z,73,75
97,H,22,62
41,S,28,8
74,V,42,96
92,E,28,79
87,P,37,20
71,G,59,4
3,S,91,0
43,H,75,0
48,B,43,79
69,U,25,76
74,Z,98,1
7,A,95,29
61,I,14,93
74,B,92,51
59,I,1,90
1,J,43,9
87,Y,82,65
59,T,48,42
78,C,45,48
33,G,71,67
65,F,82,20
83,D,49,100
72,M,55,17
13,G,89,64
67,M,9,46
6,F,30,37
84,D,58,96
20,S,26,74
25,T,41,57
56,T,89,2
33,U,79,45
66,G,86,71
62,S,47,12
76,Q,76,18
64,O,89,75
42,G,73,68
71,A,29,40
31,V,24,83
83,O,31,88
86,Z,14,95
86,K,86,53
14,K,75,44
0,L,44,83
4,Q,14,4
67,H,55,9
63,P,1,97
23,F,45,41
18,T,16,63
74,J,74,91
24,H,59,51
36,C,57,60
8,L,3,26
40,D,51,21
43,E,32,61
50,B,5,65
41,V,28,78
26,P,13,95
67,V,38,100
86,O,85,37
41,J,51,5
63,P,7,80
11,D,11,34
80,K,20,58
67,Q,41,39
85,V,46,59
9,Q,61,75
17,K,32,5
36,K,99,19
97,G,28,15
27,G,49,99
31,P,10,30
94,W,61,93
54,H,4,83
99,V,55,52
62,Q,53,90
48,P,85,49
19,A,14,25
48,N,74,56
90,Y,93,6
27,V,1,19
0,T,70,18
14,A,29,23
62,Q,90,2
71,E,88,79
77,J,40,63
64,C,60,59
80,W,14,92
83,E,15,74
7,N,39,3
45,A,36,13
11,D,30,15
10,B,60,87
1,G,55,15
100,K,20,36
78,V,93,16
12,X,37,5
49,K,5,93
97,E,33,20
44,D,35,61
70,A,97,4
14,S,76,53
99,F,78,15
58,I,19,16
80,L,43,23
29,X,61,48
12,U,73,75
13,Y,21,80
50,W,69,23
30,X,5,58
77,C,3,81
31,I,18,25
10,C,95,63
58,I,2,84
42,V,51,65
34,S,32,33
11,Z,51,55
48,M,9,89
29,N,34,0
10,A,15,27
95,P,19,94
7,H,4,4
88,U,31,93
30,A,21,21
70,H,85,9
8,V,7,100
4,U,41,88
34,M,22,37
57,Z,52,41
54,J,5,2
36,F,91,58
49,A,22,63
71,I,9,82
80,A,68,95
6,A,71,19
77,S,28,41
25,O,52,52
57,K,69,65
68,Y,26,57
66,A,10,16
24,S,83,72
43,J,90,85
52,Z,97,0
49,J,44,30
44,F,94,78
14,Z,2,51
64,P,58,47
46,L,84,3
22,A,62,21
29,H,13,69
62,K,34,96
14,P,46,77
57,J,84,34
10,K,82,3
59,B,86,73
12,U,87,52
73,Y,94,6
49,L,64,22
99,O,18,10
8,B,33,21
53,E,75,13
23,K,41,38
21,M,0,23
12,X,86,54
61,S,83,40
13,W,77,89
75,A,74,95
49,D,73,66
54,M,35,14
0,C,6,6
72,S,51,78
71,B,3,78
98,B,18,89
33,I,80,33
27,B,86,42
58,E,93,86
49,P,36,37
51,K,95,20
42,L,20,33
25,G,97,88
13,S,74,77
81,M,10,73
96,F,23,86
56,V,99,67
81,O,77,41
4,U,64,44
14,I,100,97
48,T,11,37
0,S,94,38
83,C,55,29
65,B,48,92
58,H,84,4
27,A,100,90
19,J,17,74
1,B,98,21
87,U,34,51
94,L,49,81
87,Y,17,1
25,Z,48,3
52,R,0,14
67,T,73,51
36,V,100,27
76,W,83,85
83,M,8,41
42,S,2,38
68,A,58,54
7,C,6,62
17,B,26,76
29,P,24,96
41,W,2,2
88,Q,20,5
34,L,79,55
0,R,57,92
46,T,22,27
51,O,5,54
73,M,60,96
76,G,98,52
68,M,38,2
63,Y,77,81
38,M,55,70
24,M,33,98
19,I,59,5
91,R,44,33
2,C,75,26
23,J,71,73
35,E,33,44
44,Y,79,5
38,C,54,17
74,R,72,53
0,W,71,10
24,N,70,67
97,Y,12,90
8,Z,68,19
51,W,17,39
39,Q,66,45
55,G,48,64
63,U,20,4
16,Q,9,11
53,S,45,7
56,L,38,98
37,L,95,69
38,E,10,78
70,U,33,87
100,X,50,64
55,N,60,48
94,W,26,86
90,M,38,55
48,D,64,81
42,L,5,52
98,G,76,14
97,Q,69,58
29,S,85,43
91,V,25,30
5,E,65,19
37,I,80,72
49,O,3,94
77,Q,89,82
38,I,69,63
73,X,24,0
87,V,3,86
98,K,32,5
97,J,49,70
32,L,44,11
91,H,12,47
23,L,33,46
8,W,96,9
38,H,41,19
85,Z,88,65
52,I,28,61
48,A,79,21
36,U,97,26
5,H,84,53
80,V,64,47
67,S,54,25
92,U,67,81
16,Z,4,97
85,R,5,15
78,U,67,21
92,C,42,25
19,T,36,94
20,D,70,86
87,Y,74,53
21,R,79,67
64,W,39,48
5,P,69,52
42,N,25,74
1,A,54,39
52,E,24,8
37,E,46,80
85,P,76,66
66,I,18,96
42,W,14,74
66,P,31,72
91,G,98,92
68,Y,44,36
76,P,86,95
39,V,35,58
7,F,4,48
40,Z,60,14
0,I,52,28
54,H,97,54
13,V,85,81
59,C,53,4
84,L,20,28
41,S,93,81
98,S,67,53
62,J,16,37
63,S,41,77
29,N,19,76
25,W,4,58
26,N,93,18
23,H,22,75
76,Q,82,95
26,M,51,2
98,M,62,37
34,P,9,7
31,Q,100,24
10,V,3,58
80,H,77,17
2,K,92,37
63,O,57,49
82,X,97,8
4,G,13,2
77,E,25,3
84,A,84,96
29,O,11,66
94,Y,76,100
64,N,56,48
29,S,63,55
9,O,76,24
57,N,61,15
53,M,35,29
32,K,60,17
49,V,49,65
86,V,65,76
18,Z,10,78
58,O,6,61
75,E,94,58
71,G,59,18
87,E,49,73
89,D,2,21
21,C,89,27
51,Y,36,83
47,D,30,12
49,R,51,34
67,K,58,24
65,E,65,54
82,H,61,8
44,Q,50,3
24,H,60,36
12,Y,13,40
25,I,40,25
77,R,67,99
29,O,5,10
81,B,35,25
48,M,72,10
23,A,26,92
43,S,38,19
41,R,95,18
59,U,94,39
59,O,86,91
18,D,7,57
19,K,48,32
42,H,57,52
27,G,51,22
78,U,6,7
48,W,7,51
77,I,45,31
33,Y,73,79
67,R,3,62
13,Q,18,1
23,E,2,77
48,C,90,32
8,Z,62,28
9,Z,100,2
81,J,28,41
7,Y,15,24
84,O,84,100
56,Z,79,90
27,A,2,55
64,K,57,97
58,W,22,15
75,A,27,2
72,T,21,36
36,K,31,30
17,Z,3,39
80,M,59,42
85,K,71,73
13,V,3,68
56,Q,3,29
69,X,51,37
36,M,86,5
67,I,80,97
91,C,25,84
3,D,84,24
23,B,35,33
71,P,62,96
80,F,47,72
56,T,32,57
47,N,23,1
22,M,65,67
26,A,78,30
58,U,4,97
79,A,40,17
34,I,16,56
63,R,83,90
49,Z,100,4
100,A,32,62
59,G,51,27
1,A,22,82
30,X,55,85
52,I,37,73
37,O,15,78
61,Q,57,18
33,L,95,77
93,A,42,60
63,S,13,40
57,T,92,66
42,X,28,52
72,O,34,84
90,F,53,96
85,T,85,3
18,Q,75,52
60,H,29,65
42,Y,63,24
34,L,69,23
32,A,46,11
87,K,22,66
24,Z,87,12
23,Y,40,70
71,I,29,12
22,W,65,61
61,E,99,2
59,F,77,15
14,S,13,17
42,T,20,7
53,B,56,79
2,R,16,81
73,E,3,0
91,P,70,97
50,U,55,11
51,B,4,4
22,R,95,49
38,Z,37,95
69,M,3,54
29,W,21,49
99,P,97,22
85,Z,94,91
37,T,39,22
4,L,83,44
77,C,55,94
83,Y,97,42
25,U,8,83
67,K,90,10
18,A,44,80
97,N,97,64
88,F,44,92
77,T,73,84
17,O,78,18
86,O,63,9
98,E,40,3
47,M,5,0
66,D,49,15
24,Z,36,13
88,X,33,61
87,T,78,78
16,R,97,59
19,F,7,39
74,H,74,20
48,N,26,48
64,K,64,97
90,I,89,21
68,H,33,45
26,Y,23,100
62,Y,38,24
71,D,76,57
86,S,46,52
77,P,13,3
20,K,2,44
0,H,25,3
15,M,62,96
96,N,52,42
91,Z,10,9
46,X,68,58
70,P,34,46
77,C,49,57
51,O,13,53
100,F,63,44
14,X,32,53
64,Z,58,32
94,C,10,16
17,I,66,88
68,N,1,57
20,S,1,5
1,P,24,47
94,B,80,75
76,I,57,8
40,G,31,32
56,R,40,50
48,E,22,63
24,F,33,62
42,I,49,2
1,K,53,56
27,Z,74,32
39,R,87,11
49,N,61,17
91,S,100,24
19,J,38,63
71,B,97,40
93,E,51,20
26,R,63,16
52,H,78,21
67,J,97,13
14,T,3,16
62,K,22,72
51,A,75,68
93,B,42,88
4,J,42,29
29,Q,97,43
45,Z,97,21
54,Y,23,76
6,O,18,29
72,J,46,82
77,L,14,40
58,C,22,7
81,K,16,30
82,O,51,59
36,A,100,51
89,Z,90,89
82,Q,84,73
96,Y,90,26
67,Q,82,25
72,A,22,76
49,G,12,62
65,B,32,85
97,S,81,2
41,C,82,23
9,D,40,98
55,G,87,31
74,D,38,38
96,O,85,13
92,K,76,52
88,P,73,26
50,D,55,46
49,B,10,73
63,W,58,48
97,W,26,16
14,J,89,21
69,I,79,6
93,F,67,92
77,D,3,89
70,B,48,33
15,G,71,4
3,M,38,32
63,T,53,8
5,D,8,49
78,F,34,36
57,C,91,25
39,U,29,53
82,F,30,94
44,S,67,80
44,X,3,49
7,S,90,90
56,H,98,27
23,A,41,40
21,I,47,82
55,F,18,86
43,G,83,49
94,G,52,35
59,N,5,14
61,Y,82,9
49,H,20,34
97,Q,34,59
28,Y,36,15
51,Q,68,84
32,T,31,53
6,Y,64,32
11,C,0,50
23,X,9,71
18,R,61,64
50,T,72,4
19,J,0,86
3,U,30,2
23,G,44,91
36,X,95,6
34,X,15,55
63,H,8,15
53,Q,93,90
68,J,47,77
50,F,12,23
35,X,20,65
22,U,73,20
35,J,98,8
99,E,94,58
28,X,91,23
52,F,63,11
29,O,44,52
0,V,77,25
17,W,90,85
74,Y,66,3
40,X,92,1
45,B,0,27
24,P,0,68
92,R,26,41
72,J,45,69
51,I,12,20
4,K,37,25
48,O,42,97
69,C,46,28
3,M,83,57
42,J,74,15
35,I,23,98
16,Q,25,14
49,I,24,0
41,D,13,38
42,H,26,96
57,E,87,34
95,K,92,23
33,N,77,99
58,C,100,67
71,A,25,84
56,P,71,33
10,E,30,49
47,L,35,69
69,G,76,6
13,I,15,28
98,J,81,65
34,I,2,92
92,I,81,24
73,B,30,42
33,A,28,45
34,V,62,69
66,Q,68,50
43,Z,36,48
83,V,26,33
68,X,18,90
45,C,58,11
55,B,85,34
18,X,72,18
51,T,50,19
72,R,24,62
33,D,90,51
37,Z,93,89
94,I,69,14
10,X,68,87
23,H,31,99
25,O,76,39
75,A,24,91
15,N,33,59
52,C,90,31
17,K,75,72
66,U,48,28
86,I,91,60
2,X,80,20
49,T,24,55
52,F,56,10
60,S,56,68
74,E,70,72
36,H,44,16
93,W,72,51
33,Y,57,49
18,S,46,93
32,N,54,70
0,C,40,51
65,U,10,85
70,D,64,42
24,L,86,56
73,S,49,93
34,O,17,34
74,O,85,33
83,X,93,48
19,K,90,75
30,U,59,34
25,Q,79,58
93,K,99,91
82,R,63,54
75,N,2,77
73,F,69,26
67,K,89,8
53,N,70,70
56,N,96,0
30,C,5,68
12,I,2,63
80,V,41,70
10,L,92,12
94,H,4,42
88,S,99,34
17,N,21,96
2,C,50,3
28,W,99,68
19,I,71,13
65,C,19,73
10,K,81,93
74,Q,25,68
50,K,93,81
21,M,91,69
86,Q,73,90
43,L,44,30
32,Z,81,12
100,R,72,6
46,E,4,86
59,U,4,59
91,G,79,24
93,G,93,73
57,V,53,12
16,L,95,3
45,G,17,47
67,R,73,6
37,Y,18,21
36,C,6,78
81,B,59,25
33,F,92,57
53,B,69,22
12,U,84,59
22,J,86,5
67,O,68,61
8,L,62,54
47,A,45,52
56,J,11,52
62,P,51,55
35,G,83,85
20,G,14,42
33,G,2,60
67,W,52,26
38,D,99,81
0,J,30,40
1,Y,2,100
74,J,49,47
70,G,2,55
85,H,72,24
52,M,49,44
53,G,72,73
91,L,57,70
8,P,28,0
17,Y,28,27
21,X,36,99
79,T,50,22
8,P,79,88
36,X,15,25
86,L,51,46
29,I,44,97
5,S,93,14
82,D,86,93
23,S,97,82
39,K,57,51
8,S,66,42
40,I,39,26
79,J,90,55
7,A,91,15
63,X,54,67
46,T,62,82
87,G,93,42
100,C,38,53
41,V,97,9
20,A,31,61
41,A,9,87
32,H,35,88
68,H,71,45
40,B,39,42
20,Q,15,31
81,T,90,91
33,A,58,39
69,B,50,47
81,A,78,63
66,H,96,100
14,D,30,44
87,V,76,59
26,G,91,51
39,J,41,0
65,A,65,54
41,C,22,21
25,L,10,19
85,W,94,32
50,G,79,13
2,P,85,12
75,S,65,24
44,H,12,50
96,Z,0,69
63,S,34,63
86,J,57,16
21,F,19,74
60,K,29,43
72,L,70,32
91,M,13,4
38,P,90,43
5,H,95,84
91,X,72,71
73,U,96,68
67,M,45,39
18,L,89,62
30,U,83,35
68,O,93,88
83,U,2,37
77,K,14,99
99,Q,83,43
81,S,54,34
17,Q,21,52
55,U,43,61
13,C,57,9
65,T,79,76
64,V,18,64
35,M,84,50
71,G,38,65
91,Z,49,50
99,I,35,100
99,I,31,80
64,Z,2,36
15,L,14,68
67,T,22,52
46,D,78,90
53,K,56,43
28,Q,87,80
87,I,4,92
46,F,18,19
83,M,94,23
29,B,89,69
67,A,24,40
66,K,92,63
4,K,8,58
38,F,28,61
5,U,22,15
45,E,17,30
16,N,77,53
53,O,96,85
37,L,83,51
50,K,80,64
36,E,15,0
89,E,94,19
29,L,61,49
89,L,15,16
1,W,46,9
46,R,45,85
66,J,24,48
86,T,67,38
11,M,7,57
72,H,44,20
99,K,73,62
78,C,21,61
41,F,41,27
72,Y,87,78
24,N,100,28
62,X,63,66
44,O,27,59
58,C,52,68
39,R,94,13
62,U,60,60
46,Q,58,73
53,X,31,77
51,T,22,83
79,W,67,67
62,F,23,76
65,S,9,94
49,G,61,36
96,T,25,48
96,O,25,3
66,W,74,50
23,E,32,48
62,Q,83,90
75,V,7,59
98,Z,19,31
26,T,43,6
17,Z,14,74
61,P,8,88
73,U,59,68
25,M,62,58
63,L,16,26
32,L,17,4
90,F,69,68
56,T,47,89
61,P,100,43
25,E,43,58
21,D,40,42
14,W,92,22
30,O,87,100
1,L,97,41
25,T,96,39
83,X,96,80
30,X,62,70
12,X,49,97
1,C,88,45
85,C,64,32
66,F,2,7
86,O,100,19
9,K,100,53
65,C,46,2
88,L,20,59
84,Z,27,25
48,R,80,33
79,Y,12,35
41,V,54,45
93,A,36,25
71,O,66,98
27,S,31,70
96,J,78,90
18,A,35,5
33,H,68,37
9,Y,83,83
12,K,25,42
37,U,78,37
19,P,80,40
62,A,82,18
65,C,18,24
91,U,100,100
22,M,79,75
26,P,49,7
94,D,35,97
10,H,62,69
71,E,100,79
11,M,47,37
49,U,61,0
18,M,77,82
5,D,85,72
92,L,20,5
81,C,34,15
11,R,77,40
12,W,49,8
55,O,62,61
42,K,61,69
15,M,53,92
26,U,81,74
66,Z,88,20
24,F,93,20
36,T,27,48
2,B,3,93
37,K,20,13
10,K,65,27
29,A,67,29
99,P,23,8
18,Q,48,41
32,N,44,100
29,A,9,93
5,J,48,2
85,P,19,39
19,Z,73,54
12,X,22,54
33,K,36,46
30,B,77,3
63,R,40,90
10,P,33,58
63,X,96,61
56,J,2,79
92,W,85,92
1,D,90,58
63,X,22,59
52,Q,72,70
83,T,67,92
77,U,33,54
72,K,25,21
48,Z,77,91
52,Y,59,71
8,E,57,31
37,K,40,47
67,P,50,85
51,E,14,71
95,O,99,61
54,K,9,20
71,T,82,76
40,C,35,99
91,I,7,52
35,G,67,52
59,O,84,84
56,E,35,36
16,Q,81,8
38,A,66,16
64,B,76,43
87,Z,9,7
3,L,4,1
87,R,10,78
50,F,17,43
18,C,66,20
79,O,66,82
10,S,60,70
32,J,96,34
19,A,69,18
91,R,39,16
50,K,91,14
59,F,87,91
33,M,28,94
4,K,31,76
72,R,13,79
97,D,37,98
4,D,68,89
81,S,96,66
81,G,93,77
34,Q,25,7
70,B,74,15
67,B,36,65
62,U,81,27
41,A,81,62
15,U,87,88
93,C,31,89
22,I,1,12
51,Y,53,38
84,X,1,25
31,H,52,9
12,D,9,40
37,X,13,72
46,R,63,38
60,F,39,3
31,H,10,60
45,W,98,87
52,E,47,89
65,M,6,9
5,T,40,75
56,B,0,34
69,E,32,60
62,A,57,4
66,K,81,0
10,H,57,70
20,R,43,7
30,O,65,72
26,O,37,47
64,G,42,41
17,X,0,30
68,S,2,70
84,Z,22,87
55,R,14,74
96,Z,87,74
42,P,58,45
10,R,38,53
74,E,93,58
5,O,86,74
53,X,50,18
93,U,55,73
45,O,27,28
36,M,92,76
79,T,66,49
74,P,87,11
58,P,79,65
56,P,12,98
89,I,6,85
84,K,32,76
98,C,4,100
51,A,21,0
90,P,68,87
3,C,40,99
0,H,26,39
26,S,58,95
47,Q,22,65
12,E,53,52
84,D,6,28
71,A,23,89
88,R,22,98
95,B,96,96
26,P,55,41
58,W,59,70
82,A,78,47
31,E,13,57
5,N,54,10
86,W,23,43
31,H,84,71
55,W,8,9
4,W,36,1
12,J,98,56
27,A,56,10
65,H,79,7
62,Q,78,14
45,K,64,41
21,X,84,91
11,Q,45,51
69,M,23,17
54,P,26,62
88,A,8,17
82,Y,30,47
23,S,96,80
42,R,58,21
63,I,45,3
48,I,89,89
28,P,0,84
89,Y,30,86
95,W,13,59
15,B,27,28
41,H,44,43
95,H,49,90
98,P,17,91
81,K,7,9
70,N,81,79
4,X,75,53
9,T,56,94
80,C,68,89
37,X,90,62
4,N,11,93
53,Z,75,15
4,A,97,34
39,Z,36,27
95,Q,7,42
64,R,4,90
78,Q,92,16
13,W,57,4
48,V,19,24
25,D,92,17
59,J,78,45
50,J,22,34
50,M,42,7
49,W,35,39
54,A,31,34
28,C,14,48
19,H,17,45
10,T,86,67
42,E,59,43
48,Z,33,68
87,X,18,96
28,H,76,55
29,Z,74,89
11,Z,48,25
10,X,63,31
73,I,91,3
28,V,84,56
86,R,71,92
28,U,91,16
34,C,20,51
80,S,32,37
1,A,17,61
15,Q,80,39
0,Q,37,100
87,A,57,14
10,G,54,7
40,S,58,87
97,D,55,84
96,B,25,64
29,E,39,29
95,G,94,37
48,G,46,29
74,I,89,99
41,O,31,96
78,G,15,79
44,E,70,96
29,R,82,50
94,I,91,77
47,Q,93,3
0,O,24,22
2,L,96,37
57,T,70,26
12,F,52,89
67,A,100,12
23,X,21,97
94,G,100,60
7,Q,44,24
75,K,24,27
29,X,46,38
91,V,25,80
59,F,43,29
5,K,18,86
62,T,11,83
4,F,95,72
2,F,77,63
87,Z,44,55
1,P,39,40
28,E,2,85
78,M,46,63
59,N,31,77
23,N,43,96
64,D,23,0
23,X,87,48
75,O,19,18
98,I,16,35
93,U,87,17
22,U,92,33
25,P,68,16
73,L,98,63
22,T,12,75
45,I,57,11
32,Z,23,72
43,I,93,23
7,X,56,18
52,G,78,31
79,R,44,45
48,Q,8,49
39,O,83,84
61,X,96,59
40,G,100,51
48,W,3,15
32,N,48,40
29,U,62,97
3,Q,41,90
56,M,18,2
12,P,86,41
84,I,87,74
52,H,86,64
22,T,1,88
56,I,20,10
45,I,38,3
26,V,42,2
6,P,52,4
24,Z,36,65
73,J,19,27
51,R,29,29
95,O,43,63
87,A,5,74
25,Q,33,48
27,I,70,20
49,P,71,9
46,Q,60,92
79,P,37,50
30,U,4,26
98,U,70,96
75,Z,16,86
96,U,90,83
7,Y,1,7
57,B,65,77
77,A,40,73
41,K,42,37
96,L,1,25
99,P,48,16
54,H,16,64
19,N,5,77
53,C,92,20
61,P,9,96
19,H,37,75
13,S,25,72
19,F,7,6
88,G,18,17
60,W,57,71
77,H,35,23
15,Y,54,83
36,V,35,72
38,P,39,80
57,F,9,81
64,P,96,44
45,N,59,98
26,C,90,82
44,L,93,48
51,O,87,82
50,S,60,4
81,J,69,31
8,U,90,59
20,E,31,18
70,S,33,82
90,M,14,88
14,R,89,8
48,D,18,63
38,S,97,81
62,G,25,70
88,R,71,32
80,H,33,10
51,P,6,86
83,N,0,67
25,U,74,0
86,P,89,3
7,G,67,36
53,C,10,68
59,N,16,83
8,S,87,87
88,K,93,39
65,Z,46,83
59,S,14,11
41,C,91,51
49,L,49,54
71,N,3,68
71,N,51,32
64,P,91,88
99,Q,70,42
35,Z,73,30
27,M,31,18
12,M,38,83
47,J,94,91
44,D,1,57
4,A,21,31
25,W,29,70
31,T,49,45
71,N,79,94
99,Z,98,24
99,D,23,53
26,J,100,31
62,L,47,34
79,V,64,16
86,Y,41,29
83,M,45,16
46,I,65,62
0,F,48,23
35,H,8,71
32,H,21,73
61,I,8,14
1,S,14,18
10,W,19,40
22,Q,29,12
60,M,59,63
85,V,89,64
64,W,94,43
10,X,88,56
2,H,50,7
95,W,5,5
53,A,64,47
80,F,98,53
71,F,73,98
15,B,12,66
43,X,4,34
37,Q,0,38
63,D,94,60
53,Q,35,92
76,U,4,65
90,T,46,38
95,Y,65,34
58,V,3,36
76,R,65,88
33,G,96,6
67,O,10,21
53,S,73,87
49,X,8,56
33,K,93,30
3,O,36,9
6,U,72,95
57,F,53,90
7,Y,89,26
1,Q,49,14
94,S,71,56
51,W,67,33
83,Y,23,53
12,R,59,48
73,L,99,8
65,O,83,54
97,O,20,8
3,V,45,15
7,V,69,41
14,W,86,13
1,E,89,8
30,O,49,94
80,J,41,99
14,D,87,41
20,Z,23,19
54,T,92,93
60,Y,66,5
80,C,92,56
60,D,94,16
56,K,34,14
94,G,71,56
83,R,37,52
24,D,95,23
97,W,94,21
4,X,29,72
85,F,31,52
37,P,36,28
25,R,77,94
8,G,69,47
13,V,50,17
76,S,73,32
16,N,72,14
44,H,44,61
67,M,34,37
7,K,64,79
80,G,62,46
38,K,54,81
43,T,11,9
68,L,7,10
38,M,12,5
52,N,40,95
47,L,64,98
42,R,48,58
68,K,96,14
10,T,92,4
7,D,45,39
23,D,4,47
10,Z,60,98
72,N,68,81
96,G,41,44
63,M,0,35
43,I,1,67
75,O,3,41
17,B,60,40
20,B,37,29
91,M,33,42
45,I,80,80
31,Y,23,48
13,U,86,13
42,S,0,22
3,A,50,53
57,B,9,70
0,I,0,98
25,F,39,37
7,Z,89,90
36,G,66,28
26,H,89,34
2,O,56,38
19,G,77,59
63,X,60,88
53,M,57,90
82,T,6,85
47,C,53,78
28,C,79,64
7,G,99,97
39,O,82,69
64,U,57,72
45,Y,76,74
49,B,4,45
62,S,77,70
76,G,83,33
79,O,68,31
36,N,88,0
20,O,61,75
81,S,30,95
83,Z,88,33
31,D,3,53
70,N,29,25
42,D,88,76
85,Y,6,69
62,E,41,71
38,Y,93,50
22,Y,45,81
0,V,78,83
40,Z,22,4
43,B,20,96
56,X,5,8
60,I,47,82
40,T,30,21
77,C,71,10
70,H,4,1
5,R,64,74
39,S,13,60
44,Q,11,36
54,R,8,25
13,H,83,83
85,I,92,74
99,C,67,4
84,R,30,86
14,P,66,46
45,Y,38,94
48,O,77,80
93,V,62,85
52,T,98,64
65,G,83,83
13,L,71,43
14,Z,16,5
32,Y,46,47
44,Z,14,4
92,P,85,22
8,T,34,4
61,L,87,54
57,B,30,52
22,Y,51,32
93,P,78,42
48,Y,83,48
6,P,17,0
61,I,3,35
8,C,84,19
79,G,48,10
43,G,86,82
100,H,72,90
7,D,78,52
79,X,95,51
68,U,60,71
32,R,5,52
2,R,48,4
17,C,96,47
50,V,46,16
3,C,57,63
24,G,94,84
80,Y,27,81
90,A,28,0
83,Q,71,8
51,G,86,47
0,P,43,58
59,V,5,17
51,H,67,56
79,O,64,55
4,A,76,55
50,Z,0,64
66,F,43,70
87,U,23,60
4,T,32,74
95,I,31,43
57,Y,6,16
51,S,9,69
65,Y,57,22
1,D,99,15
55,D,80,55
28,P,23,100
53,Q,69,54
6,U,42,28
52,C,77,77
69,S,72,30
81,K,79,0
67,G,78,96
19,E,86,20
3,T,98,87
7,J,18,28
24,Y,28,14
95,N,60,85
39,M,46,44
25,C,75,92
5,E,93,9
79,T,29,81
99,Y,41,63
64,P,45,7
2,M,62,83
68,W,68,42
83,N,69,62
56,G,70,8
39,R,75,4
37,T,1,60
39,T,12,88
49,J,81,17
61,M,1,67
45,A,18,44
29,H,6,22
96,J,97,85
49,H,29,90
56,Y,48,45
31,O,0,79
15,S,86,41
93,O,3,76
69,E,22,1
98,O,30,88
12,P,17,45
2,O,74,9
38,D,72,69
27,M,43,20
32,A,80,1
7,I,59,32
4,H,64,30
41,N,98,0
40,K,53,35
5,G,34,44
84,B,75,49
95,B,87,85
54,B,80,95
97,P,66,59
44,Y,98,42
95,X,88,100
46,F,47,15
24,S,1,93
13,D,69,59
37,Q,93,59
94,T,7,60
79,Y,17,20
49,X,35,1
27,O,56,8
85,N,19,31
15,U,33,21
69,W,14,80
17,J,33,31
46,D,8,47
8,D,54,97
93,R,41,68
21,N,73,0
32,T,98,9
5,Y,72,46
57,F,59,40
39,G,17,95
73,U,45,51
64,A,16,17
58,I,94,18
70,E,56,46
34,V,17,81
10,P,79,59
4,W,59,84
44,Y,99,54
82,X,70,7
22,S,70,89
21,O,34,89
14,D,85,0
83,U,19,0
100,G,34,98
21,P,77,15
19,H,14,3
9,E,78,32
16,K,87,77
92,Y,100,70
62,Q,28,72
70,F,22,28
27,O,52,42
55,A,87,48
68,A,27,44
89,W,74,71
7,S,38,93
40,L,72,51
16,B,6,2
56,M,10,63
96,G,31,22
49,U,34,26
37,C,64,86
45,Q,4,48
62,J,40,92
3,N,66,71
68,N,7,63
76,W,98,5
5,W,76,9
24,Y,4,21
4,W,28,23
91,H,28,50
20,F,37,67
57,P,34,97
46,X,20,22
74,G,25,1
44,S,70,72
85,Q,46,10
96,T,99,20
3,S,84,33
74,Z,55,46
90,Z,78,21
99,A,51,64
84,Y,2,93
19,L,70,4
28,L,90,30
51,X,55,76
19,D,13,48
67,O,47,65
0,F,25,27
92,U,1,48
4,D,69,32
39,K,56,76
15,H,14,30
16,G,55,52
33,R,42,46
55,R,81,37
82,D,48,100
1,K,28,76
91,D,92,14
4,O,3,19
35,X,65,8
2,D,54,7
24,K,1,1
60,E,24,25
56,I,79,8
62,V,56,70
31,E,17,27
95,C,7,13
6,X,36,59
36,J,91,96
49,B,56,56
42,M,13,47
28,E,96,66
75,F,63,5
41,F,89,86
30,O,15,75
0,G,80,54
12,L,40,98
2,D,54,15
5,U,83,5
86,L,57,1
70,C,7,4
21,B,93,98
69,O,74,56
40,P,59,26
40,P,93,60
68,G,26,32
27,Q,94,2
31,E,39,29
2,Q,35,13
60,S,82,65
94,F,65,28
94,B,10,82
75,C,79,16
16,T,24,24
26,C,85,57
10,N,95,76
22,S,82,29
100,L,77,6
15,G,84,58
84,T,15,91
6,B,22,98
53,D,68,12
68,J,64,8
80,X,28,29
52,J,65,94
1,I,86,11
13,T,13,85
37,H,74,49
78,Q,4,62
31,N,97,5
13,M,68,35
80,F,74,83
80,I,99,52
23,L,30,85
83,M,72,70
75,W,14,83
74,U,9,83
5,C,38,82
84,J,47,68
85,B,36,4
67,C,34,44
52,B,36,22
8,D,91,22
0,O,73,91
14,R,3,51
79,F,76,67
80,J,14,17
39,J,45,76
62,D,64,64
14,F,7,72
1,T,100,99
21,W,90,61
89,H,64,55
25,A,18,1
89,O,71,69
74,C,72,90
58,C,57,60
3,F,94,71
65,O,53,8
44,I,77,78
0,P,71,3
67,O,10,70
9,P,87,74
41,W,92,91
56,G,41,98
35,V,42,8
80,Y,76,15
48,Y,22,54
33,Q,18,41
75,P,37,3
16,V,71,52
55,P,69,29
95,H,90,36
51,W,72,37
96,X,34,46
91,E,73,89
15,O,0,11
86,A,44,13
14,J,0,34
19,W,42,42
59,D,52,12
8,D,42,82
9,Q,60,83
83,Y,44,85
21,L,14,1
12,U,52,41
95,W,15,96
86,K,21,39
44,P,65,98
82,E,40,33
33,X,72,92
4,Q,61,5
14,T,43,90
80,Y,1,40
24,V,0,54
30,N,2,98
15,M,94,48
3,O,42,97
11,J,52,31
64,G,7,87
11,G,71,94
94,N,43,62
32,O,58,90
3,C,24,4
35,J,39,5
55,E,96,58
70,M,0,24
75,W,79,27
33,X,4,32
61,O,45,26
96,Y,64,32
71,V,64,34
17,W,35,44
14,F,94,35
75,K,81,96
2,A,60,77
37,G,7,58
16,M,96,73
25,M,94,26
14,M,35,3
23,N,61,99
54,B,42,63
21,C,21,97
35,J,56,58
33,H,14,3
80,D,13,48
54,H,33,10
79,I,56,20
29,Y,31,12
9,F,87,95
9,N,10,2
47,O,77,58
43,N,84,56
95,U,45,36
86,C,29,4
54,F,100,48
53,N,55,39
96,U,85,21
13,A,84,82
55,C,8,0
32,T,49,12
99,R,48,97
79,D,58,31
77,G,52,22
17,P,70,15
56,U,70,95
22,Z,63,71
42,T,53,55
72,J,19,58
62,X,41,79
56,I,74,83
86,T,32,73
46,T,26,23
45,U,77,57
14,A,40,48
49,I,35,93
31,B,82,87
78,P,92,85
65,V,38,97
66,N,75,43
0,G,84,96
79,B,24,10
98,J,24,47
94,U,73,41
13,T,29,36
43,T,42,86
35,B,93,37
80,W,99,50
46,F,94,57
30,W,4,71
96,Z,52,87
92,R,75,60
23,F,3,73
70,I,14,59
24,N,62,71
22,G,80,56
71,R,36,65
33,U,16,49
78,S,16,70
70,Y,1,99
93,V,99,94
9,N,18,3
70,P,70,12
20,K,31,12
55,G,80,89
62,N,40,17
66,R,64,74
78,D,83,1
5,X,7,93
19,P,35,5
16,T,16,50
14,S,14,76
60,V,41,98
27,J,38,49
92,X,33,82
64,G,44,81
35,X,4,1
79,E,36,3
6,C,27,98
26,X,92,66
56,R,24,44
98,N,9,98
62,E,40,34
16,L,2,11
16,C,63,98
47,E,73,86
72,E,76,89
51,N,73,57
31,O,37,38
36,O,38,19
54,L,98,50
33,O,63,82
32,C,59,27
48,Y,12,44
41,X,38,64
48,T,11,45
4,V,17,73
27,W,61,100
93,D,1,74
45,W,24,35
13,J,0,54
81,B,35,38
51,G,21,38
84,C,68,55
42,D,29,55
33,P,77,76
76,T,39,61
86,V,73,39
10,G,35,23
34,Z,1,1
17,Q,34,48
37,E,65,74
10,T,51,93
15,W,25,24
81,C,49,75
37,O,87,83
88,W,52,37
89,M,23,4
35,N,19,31
84,H,71,43
37,R,11,12
67,D,27,37
72,D,42,98
88,B,76,1
72,Z,36,40
43,Z,54,69
92,G,97,23
15,R,28,5
2,Y,81,99
52,Q,98,45
91,Z,89,16
31,I,61,33
87,K,5,3
7,G,38,28
60,O,96,22
50,W,63,17
96,I,9,95
3,M,1,0
72,T,95,0
47,I,9,64
84,D,49,40
22,O,100,20
99,X,35,73
19,Y,70,1
40,Y,44,43
82,G,51,21
34,Y,8,31
66,M,56,78
56,E,26,20
41,K,79,10
10,Y,30,39
61,D,82,19
54,D,46,74
1,M,84,71
74,T,76,69
2,W,20,27
91,E,43,13
22,W,58,1
33,F,17,56
68,L,71,32
9,K,59,29
6,T,3,70
61,N,35,63
0,T,69,76
17,B,30,25
85,W,11,55
97,J,33,89
14,J,46,51
34,H,2,41
73,E,69,16
13,P,74,57
12,D,50,30
13,D,46,50
81,A,15,29
67,Y,84,65
41,H,66,42
36,K,64,42
67,N,33,45
44,C,25,39
84,G,72,41
70,C,55,46
30,L,83,98
88,B,79,86
73,X,43,45
17,M,16,2
86,O,97,82
46,D,77,7
34,G,47,23
22,W,43,95
89,P,40,42
84,A,86,39
88,H,37,22
98,V,67,92
51,E,64,38
66,K,8,86
35,J,83,37
0,C,33,52
87,X,97,39
97,C,46,44
14,L,48,38
65,Q,66,66
97,A,8,54
19,I,93,59
42,K,6,48
42,O,3,86
84,C,68,51
19,H,65,8
43,X,76,28
14,G,13,48
73,K,88,91
4,Q,0,12
56,B,98,72
34,F,83,92
79,Q,51,71
43,X,14,74
88,L,20,26
69,K,51,17
84,R,59,87
70,Y,69,69
57,A,55,93
28,J,31,14
31,H,69,67
34,X,71,87
30,W,1,52
30,L,78,66
80,D,33,14
64,M,88,23
94,Z,14,12
45,N,72,65
32,R,60,42
5,A,22,56
61,Z,97,78
33,T,37,93
15,X,47,0
61,S,58,36
10,M,46,75
46,S,80,2
86,C,88,63
95,G,53,21
63,L,31,19
78,Q,49,35
96,Q,40,29
19,I,66,51
48,I,15,49
34,A,73,36
2,M,2,47
42,X,51,81
83,W,34,80
94,X,91,82
95,W,98,79
14,B,38,84
0,L,76,10
35,X,78,7
46,F,68,15
76,D,70,81
3,X,9,52
35,F,49,26
28,N,23,2
49,S,20,22
75,I,53,76
42,T,55,87
95,W,22,61
59,M,78,43
45,K,0,85
88,B,76,15
36,L,5,69
27,W,38,89
11,D,13,11
58,X,46,66
88,H,79,94
86,K,59,46
65,L,16,86
36,F,42,26
62,N,2,10
20,T,56,1
9,M,42,96
74,M,81,35
9,K,22,71
64,T,39,5
94,O,5,41
67,A,60,95
28,M,14,35
17,L,38,73
63,Z,24,100
20,W,28,51
36,O,76,2
50,V,24,92
82,R,73,52
78,M,65,48
68,M,47,2
58,N,55,85
66,A,52,75
50,U,8,74
28,K,90,6
44,X,11,95
76,W,100,42
18,C,76,21
5,U,8,82
95,S,9,84
41,Y,34,81
94,Z,85,6
85,U,24,36
29,X,1,88
83,L,54,63
53,T,31,35
56,X,54,39
14,R,68,32
31,C,63,26
19,D,23,87
57,B,1,38
69,N,61,70
7,D,75,8
17,G,8,7
1,I,94,92
69,Q,2,10
29,C,47,76
64,P,30,76
53,Y,91,73
21,T,20,54
81,W,23,21
91,V,56,99
11,I,89,94
43,M,73,49
41,H,95,46
43,J,67,31
77,K,15,36
8,G,96,27
57,O,10,48
44,U,96,34
90,W,69,39
11,C,31,65
52,D,78,17
3,F,76,15
15,R,99,51
54,J,30,76
85,H,93,55
24,U,32,18
60,Y,13,45
76,Z,71,92
95,N,7,0
7,V,99,50
76,N,93,97
18,M,47,49
20,J,83,92
7,X,91,16
4,D,24,39
63,Y,97,2
7,M,3,91
12,Y,93,87
36,P,35,21
45,M,66,33
39,M,11,76
64,M,99,13
27,J,20,47
85,N,99,25
57,H,87,62
61,C,58,6
62,U,35,65
65,U,74,50
55,T,96,99
17,L,97,62
63,I,46,98
88,I,8,93
18,E,50,67
40,U,54,70
83,F,51,42
76,A,98,43
81,F,89,85
32,C,6,59
87,X,58,51
85,B,45,20
85,R,21,23
26,R,72,30
40,B,21,7
48,B,36,59
18,G,61,33
70,F,18,10
73,D,45,54
19,A,36,49
43,B,64,54
29,N,4,91
89,A,35,9
80,V,74,58
85,V,29,43
69,P,59,32
84,X,5,83
75,E,80,20
45,U,34,1
64,N,73,3
34,W,26,72
75,D,61,46
91,H,46,74
73,W,21,32
62,H,72,22
93,T,6,27
54,R,20,65
16,F,4,64
14,T,100,42
83,T,17,65
43,N,28,66
60,T,8,90
62,A,8,40
78,S,80,8
97,I,49,34
52,U,30,9
25,W,68,26
46,L,82,14
20,J,6,79
59,J,17,17
57,H,66,70
59,O,24,91
36,R,27,38
32,H,6,95
9,N,0,7
81,D,52,72
2,P,23,59
15,T,85,88
84,G,85,80
62,A,53,94
15,R,85,66
38,T,73,22
78,V,23,61
86,R,1,28
77,T,79,60
16,V,10,45
32,K,15,95
5,I,75,68
14,I,1,59
86,X,29,13
32,J,100,58
96,W,28,45
14,M,18,75
80,I,25,84
27,Q,60,55
17,U,29,40
92,L,49,18
73,K,53,58
13,B,63,48
69,C,72,72
75,C,69,20
63,E,71,45
13,F,94,51
37,K,75,34
14,L,28,84
71,N,57,69
84,U,46,19
44,R,32,53
49,G,58,76
11,N,23,7
30,I,78,49
32,A,44,38
42,S,79,27
45,K,45,68
99,G,50,6
39,A,65,4
5,Y,94,59
13,B,78,93
96,W,49,84
88,B,49,95
65,Y,52,49
22,R,99,23
94,U,69,8
2,Q,83,100
74,J,65,8
28,V,48,21
11,H,27,34
14,H,50,33
11,G,74,13
37,X,16,2
68,G,37,3
19,D,57,25
51,K,99,23
59,B,47,20
60,H,99,71
16,M,62,66
35,N,79,95
96,J,28,87
3,T,69,38
50,Z,19,68
41,F,86,61
16,F,22,8
60,T,34,55
44,C,37,80
59,P,27,20
17,O,97,74
34,Z,78,90
43,P,29,13
10,H,11,70
90,C,34,60
86,G,61,68
30,Z,38,31
62,X,5,80
48,Y,77,7
14,P,59,74
82,K,69,50
30,F,25,21
12,D,31,77
17,M,10,1
57,Y,41,76
46,S,54,21
0,P,12,20
98,G,42,37
72,R,44,75
40,P,20,60
24,U,29,49
42,N,59,0
86,F,96,16
43,J,97,78
83,M,65,72
0,Y,28,64
58,G,28,81
91,Y,51,54
100,Y,34,40
2,X,87,16
52,F,97,14
49,I,57,39
45,W,64,11
45,W,62,96
68,Y,4,5
20,S,39,85
53,A,48,44
24,I,89,40
75,A,89,17
45,T,53,45
62,H,0,70
19,F,43,74
81,C,38,93
3,P,91,100
89,H,55,22
68,G,17,35
59,H,77,83
84,D,73,82
81,Z,34,18
41,G,12,30
77,C,23,23
64,L,49,90
84,T,51,15
15,U,38,95
25,R,0,29
17,Z,84,71
43,Q,31,59
82,L,73,92
34,Q,6,28
92,K,46,39
40,H,14,5
86,K,98,64
44,C,11,13
47,O,48,66
90,C,68,21
96,D,52,13
49,C,3,22
70,I,31,15
86,T,100,68
7,J,53,58
81,N,35,5
40,P,81,5
0,L,82,12
94,M,37,83
3,I,40,53
1,E,73,92
92,V,77,11
35,C,19,27
51,O,57,13
86,W,20,73
38,B,4,77
86,N,14,17
18,G,77,96
10,G,46,27
38,L,21,84
12,S,65,81
13,L,22,71
75,R,58,73
54,N,50,61
79,G,49,65
61,R,83,70
84,V,34,22
93,A,78,39
47,W,89,68
3,P,17,29
18,E,45,59
10,F,4,40
44,P,23,87
35,Q,24,1
51,W,61,22
79,J,6,77
45,D,19,43
54,X,41,26
10,J,29,78
24,H,5,54
52,M,9,35
56,H,36,95
8,E,3,17
47,B,29,12
53,R,75,25
12,V,74,73
39,H,69,14
59,N,64,17
22,L,81,8
44,D,39,76
71,F,39,14
12,H,68,30
45,R,48,7
46,A,54,95
27,I,64,66
17,Z,23,46
51,B,79,71
91,N,95,99
93,X,74,65
58,M,99,33
14,J,44,94
10,S,24,38
76,I,70,9
17,N,88,88
38,J,38,19
61,W,92,59
68,L,89,63
87,D,7,33
55,A,56,27
30,Y,63,32
98,J,64,97
27,T,16,45
10,S,85,67
39,W,61,30
49,D,33,52
11,J,73,0
0,M,71,67
76,K,7,45
81,E,100,28
82,G,39,49
98,V,66,76
84,T,4,52
50,Z,47,83
17,E,60,66
27,M,77,45
59,B,100,87
97,O,76,24
11,Q,86,34
74,W,77,63
54,E,85,56
9,X,46,38
24,P,9,100
92,X,86,0
37,H,72,10
81,L,76,94
0,Y,75,66
50,Q,30,29
0,F,18,11
68,M,25,46
33,P,99,24
6,I,46,96
81,Y,92,26
36,A,61,23
92,K,54,84
100,K,18,35
74,T,14,42
95,U,20,75
77,Y,67,36
60,N,15,76
77,M,58,78
68,T,8,15
61,I,75,2
86,H,83,77
15,N,74,45
59,W,64,52
88,S,37,62
55,H,74,77
24,P,61,32
21,L,18,74
55,N,22,33
8,K,86,24
26,P,31,89
68,Y,52,100
30,N,12,13
64,F,50,18
68,W,16,28
91,O,89,91
50,N,42,75
48,J,0,97
19,L,8,4
83,S,92,52
1,F,77,55
54,M,83,13
90,C,51,6
25,H,93,54
21,K,95,32
98,U,8,75
60,W,6,28
53,H,60,66
96,B,53,45
14,P,38,54
88,F,89,9
6,B,20,9
46,N,8,45
41,H,75,29
95,X,50,63
54,A,53,12
13,Y,30,63
57,F,86,84
54,Z,86,97
52,U,37,40
47,Y,4,90
17,K,74,84
70,J,73,21
35,U,42,70
53,E,38,84
6,J,57,19
42,M,87,74
53,J,52,7
82,H,33,2
34,R,29,72
69,K,25,100
37,J,33,11
14,Y,71,39
53,T,36,56
60,Y,76,57
10,P,48,87
95,C,30,92
5,O,15,5
6,Z,31,97
45,V,16,0
88,U,79,7
13,C,29,76
78,X,99,58
47,G,42,72
34,X,43,5
10,S,39,48
34,U,49,78
76,Z,75,81
69,C,64,14
40,T,49,94
6,B,4,69
84,O,41,47
45,D,50,0
47,D,14,69
56,G,67,68
55,Z,1,33
94,F,63,6
82,K,100,67
30,O,40,89
44,W,33,67
55,S,73,66
16,T,3,72
49,K,54,74
40,C,24,68
52,P,29,44
63,C,3,76
95,R,51,31
21,K,30,40
91,F,87,13
95,G,22,20
85,D,88,8
54,Q,66,8
5,R,54,72
13,P,31,99
37,P,80,36
91,T,90,1
50,H,58,93
82,L,39,72
93,U,57,39
60,O,25,76
9,E,36,77
6,Y,86,83
73,Q,41,94
25,W,91,23
68,P,97,4
74,L,90,85
20,U,38,47
22,H,63,43
2,O,85,95
77,Y,88,9
32,O,1,99
24,Z,69,42
71,P,9,65
68,Z,79,57
49,D,62,88
22,I,28,94
60,H,94,92
37,F,27,20
66,D,99,42
89,R,46,19
91,I,79,12
71,G,37,92
100,I,82,65
22,N,33,15
61,S,32,21
34,L,37,42
73,V,47,73
43,R,13,13
38,P,8,68
7,C,16,30
27,H,57,99
74,R,61,80
77,Q,97,98
55,R,64,43
30,S,95,82
1,T,38,15
10,I,64,86
11,E,95,51
60,H,36,28
37,Z,70,56
81,R,31,25
78,K,92,78
93,Y,79,96
69,S,11,64
60,J,59,31
50,M,81,99
30,G,43,94
19,Q,88,28
95,D,28,80
55,C,81,69
94,X,76,70
20,V,92,91
47,C,61,83
15,G,64,31
23,M,55,75
20,Y,7,28
81,U,95,80
84,Z,87,92
4,D,84,17
50,U,63,94
90,W,16,34
69,B,34,9
100,G,38,86
98,L,40,3
64,B,36,16
60,H,56,27
50,L,19,77
29,T,20,62
68,M,63,69
14,M,81,22
34,C,92,60
14,Z,31,60
6,R,52,25
30,O,51,84
46,S,65,60
100,U,8,91
56,N,65,22
1,E,16,4
74,T,32,6
20,Y,15,98
43,H,5,58
74,F,80,66
84,P,53,79
77,A,0,25
31,G,16,69
59,K,18,2
97,B,25,12
37,F,13,96
2,F,53,28
61,P,40,25
96,J,45,1
85,B,41,39
57,Y,14,74
54,N,16,47
38,M,0,41
39,V,36,48
39,M,26,36
36,K,79,42
18,C,47,71
62,D,92,75
5,M,70,2
10,L,44,47
87,X,10,27
89,D,32,37
80,W,37,8
91,O,16,73
27,X,4,41
26,P,53,4
39,N,96,52
30,R,49,83
63,F,74,9
96,V,68,28
92,A,34,28
56,G,70,62
99,H,80,18
44,V,60,51
76,L,46,53
6,Y,76,3
28,K,88,34
71,Y,38,41
90,M,60,81
35,Z,20,86
91,M,84,65
89,B,32,24
100,P,97,32
17,H,55,18
62,K,4,86
76,P,24,16
16,P,30,29
97,M,60,70
100,M,18,78
83,N,46,60
46,S,1,83
90,N,24,64
75,S,85,48
83,Z,100,89
3,Z,64,100
53,H,94,27
64,G,11,77
12,P,32,89
41,P,64,58
14,F,23,39
63,D,30,41
87,P,77,57
56,E,92,73
92,Z,84,74
38,N,54,13
14,D,3,40
17,L,29,54
67,S,91,73
60,I,17,81
66,G,87,41
4,A,70,67
53,T,64,36
32,E,50,22
98,D,0,47
62,J,22,36
21,H,98,53
26,T,46,94
65,G,56,25
50,I,10,46
29,S,16,86
14,P,37,58
36,M,39,95
91,X,50,58
42,Q,35,97
86,U,41,96
5,B,9,20
78,Z,83,33
51,C,7,53
37,M,12,100
74,W,17,79
39,J,18,23
6,Y,86,41
8,A,89,50
20,O,46,15
80,R,4,70
67,E,3,15
15,S,18,41
2,R,28,2
11,P,36,41
42,V,81,69
86,P,5,59
15,N,17,66
36,F,4,39
43,H,68,39
62,H,84,92
81,W,72,94
37,V,61,68
23,F,75,62
67,W,34,10
30,J,48,1
62,Z,11,7
95,A,6,52
61,S,3,76
33,Z,82,63
3,E,72,69
82,G,39,42
59,A,52,64
92,C,19,13
25,I,12,86
42,K,18,28
45,T,95,6
31,O,21,11
100,T,1,79
29,C,85,22
2,E,5,39
31,X,24,54
40,M,88,60
54,Z,79,99
56,O,35,9
29,N,55,99
11,K,64,87
67,D,8,24
2,W,73,30
62,H,7,63
35,C,44,36
73,K,98,23
99,I,73,81
23,V,100,31
71,A,6,55
9,U,67,18
25,P,98,27
26,E,59,51
37,I,100,32
63,O,38,16
8,W,16,82
77,P,12,12
31,O,93,63
28,I,36,70
35,V,60,89
52,X,95,77
0,D,15,65
53,N,74,84
77,P,44,96
4,C,40,89
90,V,8,76
22,E,46,53
11,Q,23,66
69,H,80,35
17,O,44,97
53,I,79,31
32,E,4,5
68,R,53,73
2,C,19,97
16,V,33,54
69,R,14,70
58,L,13,3
8,A,47,84
87,I,95,28
27,Y,11,32
62,E,51,34
77,U,97,7
11,W,82,0
38,J,91,11
39,R,76,40
75,G,95,3
85,N,35,65
43,J,28,43
33,N,7,81
74,Z,94,32
12,Q,93,31
95,A,59,54
62,T,45,13
31,Q,63,11
68,D,88,42
99,C,48,46
4,H,78,45
21,Q,100,64
98,Y,56,61
12,Z,91,14
70,R,72,76
7,Q,43,88
3,W,56,42
67,B,74,9
58,N,31,85
80,N,23,16
14,M,48,90
91,Y,14,84
64,U,7,98
64,D,42,94
49,H,74,89
10,Z,56,96
9,C,46,1
68,T,27,80
84,D,17,91
77,W,43,70
36,I,71,44
19,Y,91,91
7,A,19,56
11,I,83,36
46,Q,33,60
56,W,97,17
20,Z,16,99
98,I,70,11
72,V,68,100
50,V,37,27
80,T,72,3
99,S,75,45
5,B,7,82
14,E,11,7
16,F,98,18
2,Z,61,7
66,N,44,34
4,W,78,0
6,T,22,5
78,J,31,17
80,B,49,75
5,X,55,36
62,T,7,39
96,S,63,50
12,Q,73,20
52,B,72,75
44,I,36,5
25,A,61,76
97,B,72,88
40,K,82,98
38,U,22,60
20,R,9,62
93,C,59,2
46,W,31,28
43,T,18,84
71,Q,37,4
70,L,4,33
19,L,25,36
24,E,91,16
36,W,48,33
20,U,53,89
60,L,31,90
9,D,22,98
41,F,60,15
28,K,9,91
80,Q,55,84
75,B,68,2
62,H,100,40
41,L,42,19
55,O,66,25
59,N,29,26
22,P,48,99
64,X,34,92
62,S,28,35
86,M,12,31
56,E,37,57
67,U,55,10
16,M,44,65
15,E,68,12
58,F,70,98
49,G,80,54
17,L,81,84
18,L,3,59
83,U,83,58
88,A,34,73
79,N,14,66
42,S,55,69
53,Z,11,49
13,N,91,60
63,D,83,80
95,B,99,44
28,P,78,76
44,M,3,41
76,M,37,58
24,C,53,43
59,A,69,49
24,K,1,70
76,R,96,5
72,X,82,26
30,P,16,64
1,R,7,9
8,Y,33,40
21,J,16,33
27,I,80,42
42,H,42,84
78,K,82,36
22,I,6,29
54,R,70,51
66,Y,26,31
7,J,1,6
55,O,49,43
32,B,43,72
26,F,41,8
44,G,88,56
8,R,5,32
60,H,41,6
64,E,85,53
100,T,99,57
11,V,99,1
72,S,69,100
52,C,94,25
99,L,93,64
67,Z,88,13
93,X,1,4
79,T,79,0
27,F,67,82
94,P,9,51
18,Q,4,37
22,W,9,77
46,F,60,45
55,C,10,34
37,F,71,82
95,Y,69,59
68,Q,17,14
52,M,62,50
5,W,79,23
54,V,54,9
77,B,3,33
57,Z,91,99
56,Y,100,100
10,C,46,63
81,L,69,0
78,I,41,60
62,D,76,0
31,A,69,3
21,K,73,81
99,X,24,36
51,O,75,52
21,O,12,45
73,L,93,96
86,H,46,27
70,X,47,41
63,E,18,74
91,K,90,36
15,O,87,37
28,Z,12,41
3,Z,3,97
37,M,51,90
32,Q,69,70
43,Q,21,53
22,D,44,43
51,G,78,44
87,L,44,66
35,W,53,97
42,U,6,55
67,V,54,44
41,M,80,46
2,C,33,7
18,F,17,15
97,L,68,13
54,G,8,33
28,Q,92,57
75,O,52,9
71,K,5,93
2,M,98,28
54,K,75,92
21,M,37,2
78,E,76,73
79,S,34,79
41,N,43,99
7,B,11,87
39,R,66,45
88,P,9,27
23,U,60,2
64,L,53,42
46,Y,38,94
54,I,53,64
90,B,93,37
96,R,75,35
71,W,79,0
43,G,84,3
69,T,13,78
36,G,100,34
78,W,84,45
41,W,64,20
70,D,42,5
23,C,93,97
61,T,52,65
95,A,69,28
34,L,70,46
69,O,11,42
14,D,10,79
17,I,22,80
2,F,13,62
13,U,76,74
23,R,11,100
28,O,13,71
28,W,3,8
97,V,25,30
96,X,32,77
54,N,20,37
26,W,61,39
100,I,28,15
52,Z,2,50
74,Q,18,84
21,S,79,75
81,Z,73,7
99,Z,34,4
83,U,4,50
20,H,45,96
80,P,80,100
70,C,5,58
56,E,66,15
85,V,8,17
88,I,4,79
33,H,0,6
79,G,62,25
46,T,4,82
73,F,0,99
32,S,90,58
73,F,27,7
70,J,92,73
96,J,91,61
89,O,16,14
73,D,90,33
53,Q,57,79
13,B,93,93
41,L,78,9
76,C,52,77
41,Q,27,85
7,B,75,1
43,O,90,68
36,H,11,6
1,K,95,73
64,F,32,17
41,A,23,75
53,R,46,19
58,D,84,66
16,H,45,22
68,D,61,89
99,C,9,46
20,H,29,45
13,Z,91,53
5,W,0,74
91,P,59,66
69,G,9,66
71,K,59,93
13,O,46,7
35,M,86,27
8,T,59,70
58,N,23,95
37,T,100,98
10,K,30,90
92,P,13,59
90,R,3,86
28,M,20,83
8,L,50,75
70,I,15,13
64,Z,69,7
57,M,26,58
9,W,61,48
49,F,18,85
52,Z,42,7
61,Y,57,35
64,Q,17,24
43,O,59,73
37,T,59,36
78,K,40,98
10,T,35,78
8,Z,36,61
91,G,31,97
45,W,49,35
28,Z,48,11
43,Y,50,95
45,E,56,12
51,F,92,35
37,C,35,29
77,U,73,83
60,B,37,8
41,V,13,75
15,U,62,44
15,I,75,66
55,M,10,21
5,W,87,41
29,K,83,16
60,C,98,47
80,V,34,44
80,P,84,26
57,Q,60,89
25,H,78,42
24,T,2,19
2,D,79,91
52,J,74,32
55,K,79,80
57,F,31,3
14,K,36,2
82,R,32,73
17,Y,49,62
74,B,91,2
99,H,68,72
14,T,17,95
92,T,7,18
85,Y,25,89
48,D,55,57
74,R,30,85
84,P,100,11
2,C,46,32
18,Z,33,57
22,N,94,51
2,Z,70,6
97,W,25,87
46,X,55,20
86,Z,35,74
85,X,18,44
6,M,49,44
26,X,28,0
38,R,83,25
17,B,19,32
50,D,66,64
42,W,73,38
82,Z,84,41
94,U,38,85
79,D,41,7
86,S,26,95
73,E,88,96
97,O,44,64
93,Y,34,54
14,D,89,60
3,Q,26,69
32,B,34,80
41,R,9,62
74,X,67,20
46,E,60,94
92,I,79,76
91,E,13,7
54,U,76,89
66,B,39,34
37,T,51,34
92,Q,70,26
92,O,57,58
90,S,70,40
5,D,48,25
59,M,35,88
50,W,86,92
88,O,87,96
54,A,84,42
0,N,68,14
88,D,18,49
91,L,63,73
25,B,26,85
7,N,69,16
0,P,66,70
37,D,87,6
81,W,13,4
29,C,0,6
42,T,16,58
53,G,98,11
9,J,24,84
51,R,46,80
32,J,14,24
20,W,10,42
52,A,100,80
33,J,82,59
78,E,33,52
62,X,70,42
38,V,32,41
52,T,39,68
52,C,76,94
18,A,61,67
5,S,34,49
37,Y,26,5
29,U,17,24
90,M,33,76
17,Z,69,94
74,R,95,69
1,R,35,54
65,L,58,31
32,E,12,76
50,L,83,62
44,G,35,71
86,I,28,88
49,P,42,33
7,O,43,4
85,V,64,25
30,W,58,31
43,K,65,71
95,K,95,100
48,Z,77,97
13,D,28,75
41,C,27,91
25,I,70,12
27,L,83,77
24,A,88,99
0,D,87,77
32,E,60,63
81,A,80,78
64,T,44,12
46,B,3,1
58,P,50,20
87,T,36,69
91,B,82,14
62,F,78,38
47,N,85,98
100,R,26,60
6,U,92,45
16,K,23,16
64,H,68,14
66,H,58,77
89,X,6,99
92,B,18,98
50,T,5,59
32,K,43,32
58,E,52,66
26,S,5,97
87,Q,66,55
34,J,12,65
76,B,82,14
39,S,96,19
70,S,57,88
53,Q,72,75
81,Y,60,79
95,L,1,75
97,T,86,1
48,Q,54,24
46,M,81,72
68,C,59,26
15,S,95,72
67,O,12,6
87,X,89,53
73,Y,39,26
48,W,88,56
26,J,40,38
71,H,100,73
23,G,12,58
46,M,54,31
96,N,50,28
100,V,53,97
95,I,22,38
74,S,99,63
90,O,48,18
69,T,57,53
48,W,54,22
80,N,75,12
27,U,83,67
29,F,26,65
35,T,62,14
2,M,6,40
55,Z,68,4
14,U,71,13
60,Z,72,29
95,V,55,38
1,J,22,46
79,V,19,87
99,E,60,41
75,V,14,29
50,X,49,53
13,R,36,99
43,F,83,13
22,J,27,18
55,V,68,86
12,P,57,13
11,S,90,56
25,I,30,89
0,X,2,82
41,L,5,53
4,G,50,78
43,V,84,87
95,P,45,61
40,L,73,20
80,N,49,94
23,M,36,89
90,S,25,76
66,I,68,98
25,G,74,24
37,D,21,68
25,H,68,59
57,U,93,65
98,J,61,65
80,T,95,77
32,L,25,76
14,W,55,18
43,G,80,79
86,N,99,47
22,L,46,6
29,F,99,20
19,B,69,82
60,Q,7,17
42,A,81,89
44,L,42,72
83,N,96,21
9,I,54,69
48,F,14,0
44,V,52,99
65,U,77,30
98,E,99,47
48,T,9,92
39,G,69,25
46,V,5,90
68,F,26,73
25,F,34,64
32,X,91,42
11,U,6,49
26,X,7,15
89,C,20,96
47,V,44,79
85,O,76,49
59,D,48,100
57,Y,27,6
12,N,61,42
42,O,66,30
44,T,74,9
15,H,38,42
49,D,32,48
48,H,5,91
92,M,11,30
0,B,40,13
0,C,32,17
29,V,10,97
24,N,55,96
67,V,65,92
92,Z,2,25
61,M,27,17
78,R,38,7
41,B,56,78
57,D,45,31
45,Y,35,39
41,M,21,86
59,Q,98,51
42,O,63,47
27,S,54,23
77,H,54,0
38,A,41,26
63,A,96,63
46,V,90,17
73,K,28,20
59,G,6,36
25,A,2,51
75,I,29,92
45,W,86,15
14,Y,82,35
14,Z,29,76
53,X,38,55
57,Z,35,22
45,U,11,84
13,A,48,78
54,A,35,98
28,K,62,18
48,S,59,93
91,B,29,46
52,H,19,26
36,S,80,77
25,L,37,27
3,G,91,8
56,J,39,10
35,O,15,41
70,B,33,47
7,R,46,70
9,W,41,66
91,Q,82,91
17,K,56,53
57,S,38,23
5,A,89,88
5,I,32,74
81,X,51,91
100,K,2,18
84,Y,74,95
16,T,61,15
55,T,20,17
84,I,14,24
75,U,43,45
99,K,80,93
77,Z,22,92
3,H,97,15
55,T,76,36
50,U,48,63
96,A,36,78
15,W,42,90
19,T,100,51
20,S,16,2
12,V,87,0
93,F,6,28
23,N,28,14
87,P,43,81
66,G,60,96
12,U,76,2
